UC Campus,CC,UC Course Requirement,Courses Group 1,Courses Group 2,Courses Group 3
University of California Berkeley,Chabot College,MATH 1A,MTH 1,,
University of California Berkeley,Chabot College,MATH 1B,MTH 2,,
University of California Berkeley,Chabot College,MATH 53,MTH 3,,
University of California Berkeley,Chabot College,MATH 54,MTH 4; MTH 6,,
University of California Berkeley,Chabot College,PHYSICS 7A,PHYS 4A,,
University of California Berkeley,Chabot College,PHYSICS 7B,PHYS 4B; PHYS 4C,,
University of California Berkeley,Chabot College,ENGLISH R1A,ENGL 1,,
University of California Berkeley,Chabot College,ENGLISH R1B,ENGL 4A,ENGL 7A,
University of California Berkeley,Chabot College,ASTRON 7A,Not Articulated,,
University of California Berkeley,Chabot College,ASTRON 7B,Not Articulated,,
University of California Berkeley,Chabot College,BIOLOGY 1A; BIOLOGY 1AL,BIOS 21C; BIOS 21B,,
University of California Berkeley,Chabot College,BIOLOGY 1B,BIOS 21C; BIOS 21B; BIOS 21A,,
University of California Berkeley,Chabot College,CHEM 1A; CHEM 1AL,CHEM 1A,,
University of California Berkeley,Chabot College,CHEM 1B,CHEM 1B,,
University of California Berkeley,Chabot College,CHEM 3A; CHEM 3AL,CHEM 12A,,
University of California Berkeley,Chabot College,CHEM 3B; CHEM 3BL,CHEM 12B,,
University of California Berkeley,Chabot College,MCELLBI 32; MCELLBI 32L,BIOS 43,,
University of California Berkeley,Chabot College,PHYSICS 7C,PHYS 4C; PHYS 5,,
University of California Berkeley,Chabot College,COMPSCI 61A,Not Articulated,,
University of California Berkeley,Chabot College,COMPSCI 61B,CSCI 20,,
University of California Berkeley,Chabot College,COMPSCI 61C,Not Articulated,,
University of California Berkeley,Chabot College,COMPSCI 70,Not Articulated,,
University of California Berkeley,Chabot College,EECS 16A,ENGR 16,,
University of California Berkeley,Chabot College,EECS 16B,Not Articulated,,
University of California Davis,Chabot College,ECS 020,CSCI 28,MTH 8,
University of California Davis,Chabot College,ECS 036A,CSCI 14,,
University of California Davis,Chabot College,ECS 036B,CSCI 15,CSCI 20,
University of California Davis,Chabot College,ECS 036C,CSCI 20,,
University of California Davis,Chabot College,ECS 050,CSCI 21,,
University of California Davis,Chabot College,MAT 021A; MAT 021B,MTH 1; MTH 2,,
University of California Davis,Chabot College,MAT 021C; MAT 021D,MTH 3,,
University of California Davis,Chabot College,MAT 022A,MTH 6,,
University of California Davis,Chabot College,MAT 027A,Not Articulated,,
University of California Davis,Chabot College,MAT 067,Not Articulated,,
University of California Davis,Chabot College,BIS 002A; BIS 002B; BIS 002C,BIOS 21A; BIOS 21B; BIOS 21C,,
University of California Davis,Chabot College,CHE 002A; CHE 002B; CHE 002C,CHEM 1A; CHEM 1B,,
University of California Davis,Chabot College,CHE 004A,Not Articulated,,
University of California Davis,Chabot College,CHE 004B,Not Articulated,,
University of California Davis,Chabot College,CHE 004C,Not Articulated,,
University of California Davis,Chabot College,PHY 009A,PHYS 4A,,
University of California Davis,Chabot College,PHY 009B,PHYS 4C,,
University of California Davis,Chabot College,PHY 009C,PHYS 4B,,
University of California Irvine,Chabot College,I&C SCI 31; I&C SCI 32; I&C SCI 33,CSCI 14; CSCI 15,,
University of California Irvine,Chabot College,MATH 2A,MTH 1,MTH 15,
University of California Irvine,Chabot College,MATH 2B,MTH 2,MTH 16,
University of California Irvine,Chabot College,MATH 3A,MTH 6,,
University of California Irvine,Chabot College,I&C SCI 6N,Not Articulated,,
University of California Irvine,Chabot College,I&C SCI 6B,MTH 8,,
University of California Irvine,Chabot College,I&C SCI 6D,Not Articulated,,
University of California Irvine,Chabot College,I&C SCI 45C,Not Articulated,,
University of California Irvine,Chabot College,I&C SCI 46,CSCI 20,,
University of California Irvine,Chabot College,I&C SCI 51,Not Articulated,,
University of California Irvine,Chabot College,I&C SCI 53,Not Articulated,,
University of California Irvine,Chabot College,IN4MATX 43,Not Articulated,,
University of California Irvine,Chabot College,STATS 67,Not Articulated,,
University of California Los Angeles,Chabot College,COM SCI 31,CSCI 15,,
University of California Los Angeles,Chabot College,COM SCI 32,CSCI 20,,
University of California Los Angeles,Chabot College,COM SCI 33,CSCI 21,,
University of California Los Angeles,Chabot College,COM SCI 35L,Not Articulated,,
University of California Los Angeles,Chabot College,COM SCI M51A,Not Articulated,,
University of California Los Angeles,Chabot College,EC ENGR M16,Not Articulated,,
University of California Los Angeles,Chabot College,MATH 31A,MTH 1,,
University of California Los Angeles,Chabot College,MATH 31B,MTH 2,,
University of California Los Angeles,Chabot College,MATH 32A,MTH 3,,
University of California Los Angeles,Chabot College,MATH 32B,MTH 3,,
University of California Los Angeles,Chabot College,MATH 33A,MTH 6,,
University of California Los Angeles,Chabot College,MATH 33B,MTH 4,,
University of California Los Angeles,Chabot College,MATH 61,MTH 8,,
University of California Los Angeles,Chabot College,PHYSICS 1A; PHYSICS 1B; PHYSICS 1C,PHYS 4A; PHYS 4B; PHYS 4C,PHYS 7A; PHYS 7B; PHYS 7C,
University of California Los Angeles,Chabot College,PHYSICS 4AL,Not Articulated,,
University of California Los Angeles,Chabot College,PHYSICS 4BL,Not Articulated,,
University of California Los Angeles,Chabot College,ENGCOMP 3,ENGL 1,,
University of California Los Angeles,Chabot College,,ENGL 4A,ENGL 7A,
University of California Los Angeles,Chabot College,,CSCI 14,CSCI 15,ENGR 25
University of California Merced,Chabot College,CSE 022,CSCI 14,,
University of California Merced,Chabot College,CSE 030,CSCI 20,,
University of California Merced,Chabot College,MATH 021,MTH 1,,
University of California Merced,Chabot College,MATH 022,MTH 2,,
University of California Merced,Chabot College,MATH 023,MTH 3,,
University of California Merced,Chabot College,MATH 024,MTH 4; MTH 6,,
University of California Merced,Chabot College,PHYS 008; PHYS 008L,PHYS 7A; PHYS 7B,PHYS 4A,
University of California Merced,Chabot College,PHYS 009; PHYS 009L,PHYS 4B,PHYS 7C,
University of California Merced,Chabot College,CSE 015,Not Articulated,,
University of California Merced,Chabot College,CSE 022,CSCI 14,,
University of California Merced,Chabot College,CSE 024,Not Articulated,,
University of California Merced,Chabot College,CSE 030,CSCI 20,,
University of California Merced,Chabot College,CSE 031,Not Articulated,,
University of California Merced,Chabot College,ENGR 065,ENGR 43,,
University of California Merced,Chabot College,ENGR 091,Not Articulated,,
University of California Merced,Chabot College,MATH 032,Not Articulated,,
University of California Merced,Chabot College,ENGR 080,Not Articulated,,
University of California Merced,Chabot College,WRI 001,ENGL 1,,
University of California Merced,Chabot College,WRI 010,ENGL 4A,ENGL 7A,
University of California Riverside,Chabot College,CS 10A,CSCI 14,,
University of California Riverside,Chabot College,CS 10B,CSCI 15,,
University of California Riverside,Chabot College,MATH 9A; MATH 9B; MATH 9C,MTH 1; MTH 2,,
University of California Riverside,Chabot College,PHYS 40A,PHYS 4A,,
University of California Riverside,Chabot College,CS 11,Not Articulated,,
University of California Riverside,Chabot College,CS 10C,CSCI 20,,
University of California Riverside,Chabot College,CS 61,CSCI 21,,
University of California Riverside,Chabot College,MATH 10A,MTH 3,,
University of California Riverside,Chabot College,PHYS 40B,PHYS 4A; PHYS 4B,,
University of California Riverside,Chabot College,PHYS 40C,PHYS 4B; PHYS 4C,,
University of California Riverside,Chabot College,EE 20B,Not Articulated,,
University of California Riverside,Chabot College,MATH 31,MTH 6,,
University of California San Diego,Chabot College,CSE 8A,CSCI 14,,
University of California San Diego,Chabot College,CSE 8B,Not Articulated,,
University of California San Diego,Chabot College,CSE 11,CSCI 19A,,
University of California San Diego,Chabot College,CSE 12,CSCI 20,,
University of California San Diego,Chabot College,CSE 15L,Not Articulated,,
University of California San Diego,Chabot College,CSE 20,MTH 8,,
University of California San Diego,Chabot College,CSE 21,Not Articulated,,
University of California San Diego,Chabot College,CSE 30,CSCI 21,,
University of California San Diego,Chabot College,MATH 18,MTH 6,,
University of California San Diego,Chabot College,MATH 20A,MTH 1,,
University of California San Diego,Chabot College,MATH 20B,MTH 2,,
University of California San Diego,Chabot College,MATH 20C,MTH 3,,
University of California San Diego,Chabot College,BILD 1,BIOS 21C; BIOS 21B; BIOS 21A,,
University of California San Diego,Chabot College,BILD 2,BIOS 21C; BIOS 21B; BIOS 21A,,
University of California San Diego,Chabot College,BILD 3,BIOS 21C; BIOS 21B; BIOS 21A,,
University of California San Diego,Chabot College,CHEM 6A,CHEM 1A,,
University of California San Diego,Chabot College,CHEM 6B,CHEM 1A; CHEM 1B,,
University of California San Diego,Chabot College,PHYS 2A,PHYS 4A,,
University of California San Diego,Chabot College,PHYS 2B,PHYS 4B,,
University of California San Diego,Chabot College,PHYS 4A,Not Articulated,,
University of California San Diego,Chabot College,PHYS 4B,Not Articulated,,
University of California Santa Barbara,Chabot College,MATH 3A,MTH 1,,
University of California Santa Barbara,Chabot College,MATH 3B,MTH 2,,
University of California Santa Barbara,Chabot College,MATH 4A,MTH 6,,
University of California Santa Barbara,Chabot College,MATH 4B,MTH 4,,
University of California Santa Barbara,Chabot College,CMPSC 16,CSCI 15,,
University of California Santa Barbara,Chabot College,CMPSC 24,CSCI 20,,
University of California Santa Barbara,Chabot College,CMPSC 40,CSCI 28,MTH 8,
University of California Santa Barbara,Chabot College,CMPSC 32,Not Articulated,,
University of California Santa Barbara,Chabot College,CMPSC 64,CSCI 21,,
University of California Santa Barbara,Chabot College,MATH 6A,MTH 3,,
University of California Santa Barbara,Chabot College,PHYS 1,PHYS 4A,,
University of California Santa Barbara,Chabot College,PHYS 2,PHYS 4B; PHYS 4C,,
University of California Santa Barbara,Chabot College,PHYS 3; PHYS 3L,PHYS 4B; PHYS 4C,,
University of California Santa Barbara,Chabot College,PHYS 6A; PHYS 6AL; PHYS 6B; PHYS 6BL; PHYS 6C; PHYS 6CL,PHYS 3A; PHYS 3B,,
University of California Santa Barbara,Chabot College,PHYS 7A,PHYS 4A,PHYS 7A,
University of California Santa Barbara,Chabot College,PHYS 7B,PHYS 4B; PHYS 4C,PHYS 7A; PHYS 7C,
University of California Santa Barbara,Chabot College,PHYS 7C,PHYS 4B; PHYS 4C,PHYS 7B; PHYS 7C,
University of California Santa Barbara,Chabot College,PHYS 7D,PHYS 4C; PHYS 5,PHYS 7B; PHYS 7D,
University of California Santa Barbara,Chabot College,PHYS 7L,PHYS 4B; PHYS 4C,PHYS 7A; PHYS 7B,
University of California Santa Barbara,Chabot College,CHEM 1A; CHEM 1AL; CHEM 1B; CHEM 1BL; CHEM 1C; CHEM 1CL,CHEM 1A; CHEM 1B,,
University of California Santa Barbara,Chabot College,MCDB 1A; MCDB 1LL,BIOS 21A; BIOS 21B; BIOS 21C,,
University of California Santa Barbara,Chabot College,MCDB 1B,BIOS 21A; BIOS 21B; BIOS 21C,,
University of California Santa Barbara,Chabot College,PSTAT 120A,Not Articulated,,
University of California Santa Cruz,Chabot College,CSE 12,CSCI 21,,
University of California Santa Cruz,Chabot College,CSE 16,MTH 8,CSCI 28,
University of California Santa Cruz,Chabot College,CSE 30,CSCI 20,,
University of California Santa Cruz,Chabot College,MATH 19A,MTH 1,,
University of California Santa Cruz,Chabot College,MATH 19B,MTH 2,,
University of California Santa Cruz,Chabot College,AM 10,MTH 6,,
University of California Santa Cruz,Chabot College,MATH 21,MTH 6,,
University of California Santa Cruz,Chabot College,AM 30,MTH 3,,
University of California Santa Cruz,Chabot College,MATH 23A,MTH 3,,
