UC Campus,CC,UC Course Requirement,Courses Group 1,Courses Group 2,Courses Group 3,Courses Group 4,Courses Group 5,Courses Group 6,Courses Group 7
University of California Berkeley,Merced College,MATH 1A,MATH -04A,,,,,,
University of California Berkeley,Merced College,MATH 1B,MATH -04B,,,,,,
University of California Berkeley,Merced College,MATH 53,MATH -04C,,,,,,
University of California Berkeley,Merced College,MATH 54,MATH -06; MATH -08,,,,,,
University of California Berkeley,Merced College,PHYSICS 7A,PHYS -04A,,,,,,
University of California Berkeley,Merced College,PHYSICS 7B,PHYS -04B,,,,,,
University of California Berkeley,Merced College,ENGLISH R1A,ENGL -01A,,,,,,
University of California Berkeley,Merced College,ENGLISH R1B,ENGL -01B,,,,,,
University of California Berkeley,Merced College,ASTRON 7A,Not Articulated,,,,,,
University of California Berkeley,Merced College,ASTRON 7B,Not Articulated,,,,,,
University of California Berkeley,Merced College,BIOLOGY 1A; BIOLOGY 1AL,BIOL -04A; BIOL -04B,,,,,,
University of California Berkeley,Merced College,BIOLOGY 1B,BIOL -04A; BIOL -04B,,,,,,
University of California Berkeley,Merced College,CHEM 1A; CHEM 1AL,CHEM -04A,,,,,,
University of California Berkeley,Merced College,CHEM 1B,CHEM -04B,,,,,,
University of California Berkeley,Merced College,CHEM 3A; CHEM 3AL,CHEM -13A; CHEM -13AL,,,,,,
University of California Berkeley,Merced College,CHEM 3B; CHEM 3BL,CHEM -13B; CHEM -13BL,,,,,,
University of California Berkeley,Merced College,MCELLBI 32; MCELLBI 32L,BIOL -18,,,,,,
University of California Berkeley,Merced College,PHYSICS 7C,PHYS -04C,,,,,,
University of California Berkeley,Merced College,COMPSCI 61A,Not Articulated,,,,,,
University of California Berkeley,Merced College,COMPSCI 61B,Not Articulated,,,,,,
University of California Berkeley,Merced College,COMPSCI 61C,Not Articulated,,,,,,
University of California Berkeley,Merced College,COMPSCI 70,Not Articulated,,,,,,
University of California Berkeley,Merced College,EECS 16A,Not Articulated,,,,,,
University of California Berkeley,Merced College,EECS 16B,Not Articulated,,,,,,
University of California Davis,Merced College,ECS 020,CPSC -07,MATH -07,,,,,
University of California Davis,Merced College,ECS 036A,CPSC -06,CPSC -14,ENGR -14,,,,
University of California Davis,Merced College,ECS 036B,CPSC -39,,,,,,
University of California Davis,Merced College,ECS 036C,Not Articulated,,,,,,
University of California Davis,Merced College,ECS 050,CPSC -42,,,,,,
University of California Davis,Merced College,MAT 021A,MATH -04A,,,,,,
University of California Davis,Merced College,MAT 021B,MATH -04B,,,,,,
University of California Davis,Merced College,MAT 021C; MAT 021D,MATH -04C,,,,,,
University of California Davis,Merced College,MAT 022A,MATH -08,,,,,,
University of California Davis,Merced College,MAT 027A,Not Articulated,,,,,,
University of California Davis,Merced College,MAT 067,Not Articulated,,,,,,
University of California Davis,Merced College,BIS 002A,BIOL -04A,,,,,,
University of California Davis,Merced College,BIS 002B,BIOL -04A; BIOL -04B,,,,,,
University of California Davis,Merced College,BIS 002C,BIOL -04B,,,,,,
University of California Davis,Merced College,CHE 002A; CHE 002B; CHE 002C,CHEM -04A; CHEM -04B,,,,,,
University of California Davis,Merced College,CHE 004A,Not Articulated,,,,,,
University of California Davis,Merced College,CHE 004B,Not Articulated,,,,,,
University of California Davis,Merced College,CHE 004C,Not Articulated,,,,,,
University of California Davis,Merced College,PHY 009A,PHYS -04A; PHYS -04B; PHYS -04C,,,,,,
University of California Davis,Merced College,PHY 009B,PHYS -04A; PHYS -04B; PHYS -04C,,,,,,
University of California Davis,Merced College,PHY 009C,PHYS -04A; PHYS -04B; PHYS -04C,,,,,,
University of California Irvine,Merced College,I&C SCI 31; I&C SCI 32; I&C SCI 33,ENGR -14; CPSC -25,,,,,,
University of California Irvine,Merced College,I&C SCI 31; I&C SCI 32,CTIS -04; CTIS -14,,,,,,
University of California Irvine,Merced College,MATH 2A,MATH -04A,,,,,,
University of California Irvine,Merced College,MATH 2B,MATH -04B,,,,,,
University of California Irvine,Merced College,MATH 3A,MATH -08,,,,,,
University of California Irvine,Merced College,I&C SCI 6N,Not Articulated,,,,,,
University of California Irvine,Merced College,I&C SCI 6B,CPSC -07,,,,,,
University of California Irvine,Merced College,I&C SCI 6D,Not Articulated,,,,,,
University of California Irvine,Merced College,I&C SCI 45C,ENGR -14; CPSC -25,,,,,,
University of California Irvine,Merced College,I&C SCI 46,Not Articulated,,,,,,
University of California Irvine,Merced College,I&C SCI 51,Not Articulated,,,,,,
University of California Irvine,Merced College,I&C SCI 53,Not Articulated,,,,,,
University of California Irvine,Merced College,IN4MATX 43,Not Articulated,,,,,,
University of California Irvine,Merced College,STATS 67,Not Articulated,,,,,,
University of California Los Angeles,Merced College,COM SCI 31,Not Articulated,,,,,,
University of California Los Angeles,Merced College,COM SCI 32,Not Articulated,,,,,,
University of California Los Angeles,Merced College,COM SCI 33,Not Articulated,,,,,,
University of California Los Angeles,Merced College,COM SCI 35L,Not Articulated,,,,,,
University of California Los Angeles,Merced College,COM SCI M51A,Not Articulated,,,,,,
University of California Los Angeles,Merced College,EC ENGR M16,Not Articulated,,,,,,
University of California Los Angeles,Merced College,MATH 31A,MATH -04A,,,,,,
University of California Los Angeles,Merced College,MATH 31B,MATH -04B,,,,,,
University of California Los Angeles,Merced College,MATH 32A,MATH -04C,,,,,,
University of California Los Angeles,Merced College,MATH 32B,MATH -04C,,,,,,
University of California Los Angeles,Merced College,MATH 33A,MATH -08,,,,,,
University of California Los Angeles,Merced College,MATH 33B,MATH -06,,,,,,
University of California Los Angeles,Merced College,MATH 61,CPSC -07,,,,,,
University of California Los Angeles,Merced College,PHYSICS 1A; PHYSICS 1B; PHYSICS 1C,PHYS -04A; PHYS -04B; PHYS -04C,,,,,,
University of California Los Angeles,Merced College,PHYSICS 4AL,Not Articulated,,,,,,
University of California Los Angeles,Merced College,PHYSICS 4BL,Not Articulated,,,,,,
University of California Los Angeles,Merced College,ENGCOMP 3,ENGL -01A,,,,,,
University of California Los Angeles,Merced College,,ENGL -01B,ENGL -13,ENGL -13H,,,,
University of California Los Angeles,Merced College,,Not Articulated,,,,,,
University of California Merced,Merced College,CSE 022,CPSC -06,CPSC -14,CPSC -20,,,,
University of California Merced,Merced College,CSE 030,CPSC -39,,,,,,
University of California Merced,Merced College,MATH 021,MATH -04A,MATH -04AS,,,,,
University of California Merced,Merced College,MATH 022,MATH -04B,,,,,,
University of California Merced,Merced College,MATH 023,MATH -04C,,,,,,
University of California Merced,Merced College,MATH 024,MATH -06; MATH -08,MATH -09,,,,,
University of California Merced,Merced College,PHYS 008; PHYS 008L,PHYS -04A,,,,,,
University of California Merced,Merced College,PHYS 009; PHYS 009L,PHYS -04B,,,,,,
University of California Merced,Merced College,CSE 015,MATH -07,,,,,,
University of California Merced,Merced College,CSE 022,CPSC -06,CPSC -14,CPSC -20,,,,
University of California Merced,Merced College,CSE 024,CPSC -25,,,,,,
University of California Merced,Merced College,CSE 030,CPSC -39,,,,,,
University of California Merced,Merced College,CSE 031,CPSC -42,,,,,,
University of California Merced,Merced College,ENGR 065,ENGR -18,,,,,,
University of California Merced,Merced College,ENGR 091,Not Articulated,,,,,,
University of California Merced,Merced College,MATH 032,MATH -32,,,,,,
University of California Merced,Merced College,ENGR 080,MATH -32,,,,,,
University of California Merced,Merced College,WRI 001,ENGL -01A,,,,,,
University of California Merced,Merced College,WRI 010,ENGL -01B,ENGL -01C,ENGL -13,ENGL -13H,PHIL -13,PHIL -13H,PHIL -10
University of California Riverside,Merced College,CS 10A,CPSC -14,,,,,,
University of California Riverside,Merced College,CS 10B,CPSC -39,,,,,,
University of California Riverside,Merced College,MATH 9A; MATH 9B; MATH 9C,MATH -04A; MATH -04B,,,,,,
University of California Riverside,Merced College,PHYS 40A,PHYS -04A,,,,,,
University of California Riverside,Merced College,CS 11,Not Articulated,,,,,,
University of California Riverside,Merced College,CS 10C,Not Articulated,,,,,,
University of California Riverside,Merced College,CS 61,CPSC -42,,,,,,
University of California Riverside,Merced College,MATH 10A,MATH -04C,,,,,,
University of California Riverside,Merced College,PHYS 40B,PHYS -04A; PHYS -04C,,,,,,
University of California Riverside,Merced College,PHYS 40C,PHYS -04B,,,,,,
University of California Riverside,Merced College,EE 20B,Not Articulated,,,,,,
University of California Riverside,Merced College,MATH 31,MATH -08,,,,,,
University of California San Diego,Merced College,CSE 8A,Not Articulated,,,,,,
University of California San Diego,Merced College,CSE 8B,Not Articulated,,,,,,
University of California San Diego,Merced College,CSE 11,Not Articulated,,,,,,
University of California San Diego,Merced College,CSE 12,Not Articulated,,,,,,
University of California San Diego,Merced College,CSE 15L,Not Articulated,,,,,,
University of California San Diego,Merced College,CSE 20,MATH -07,,,,,,
University of California San Diego,Merced College,CSE 21,Not Articulated,,,,,,
University of California San Diego,Merced College,CSE 30,Not Articulated,,,,,,
University of California San Diego,Merced College,MATH 18,MATH -08,,,,,,
University of California San Diego,Merced College,MATH 20A,MATH -04A,,,,,,
University of California San Diego,Merced College,MATH 20B,MATH -04B,,,,,,
University of California San Diego,Merced College,MATH 20C,MATH -04C,,,,,,
University of California San Diego,Merced College,BILD 1,BIOL -04A; BIOL -04B,,,,,,
University of California San Diego,Merced College,BILD 2,BIOL -04A; BIOL -04B,,,,,,
University of California San Diego,Merced College,BILD 3,BIOL -04A; BIOL -04B,,,,,,
University of California San Diego,Merced College,CHEM 6A,CHEM -04A,,,,,,
University of California San Diego,Merced College,CHEM 6B,CHEM -04A; CHEM -04B,,,,,,
University of California San Diego,Merced College,PHYS 2A,PHYS -04A,,,,,,
University of California San Diego,Merced College,PHYS 2B,PHYS -04B,,,,,,
University of California San Diego,Merced College,PHYS 4A,Not Articulated,,,,,,
University of California San Diego,Merced College,PHYS 4B,Not Articulated,,,,,,
University of California Santa Barbara,Merced College,MATH 3A,MATH -04A,MATH -04AS,,,,,
University of California Santa Barbara,Merced College,MATH 3B,MATH -04B,,,,,,
University of California Santa Barbara,Merced College,MATH 4A,MATH -08,MATH -09,,,,,
University of California Santa Barbara,Merced College,MATH 4B,MATH -06,MATH -09,,,,,
University of California Santa Barbara,Merced College,CMPSC 16,CPSC -14,ENGR -14,,,,,
University of California Santa Barbara,Merced College,CMPSC 24,Not Articulated,,,,,,
University of California Santa Barbara,Merced College,CMPSC 40,CPSC -07,MATH -07,,,,,
University of California Santa Barbara,Merced College,CMPSC 32,Not Articulated,,,,,,
University of California Santa Barbara,Merced College,CMPSC 64,CPSC -42,,,,,,
University of California Santa Barbara,Merced College,MATH 6A,MATH -04C,,,,,,
University of California Santa Barbara,Merced College,PHYS 1,PHYS -04A,,,,,,
University of California Santa Barbara,Merced College,PHYS 2,PHYS -04A; PHYS -04C,,,,,,
University of California Santa Barbara,Merced College,PHYS 3; PHYS 3L,PHYS -04A; PHYS -04B,,,,,,
University of California Santa Barbara,Merced College,PHYS 6A; PHYS 6AL; PHYS 6B; PHYS 6BL; PHYS 6C; PHYS 6CL,PHYS -02A; PHYS -02B,,,,,,
University of California Santa Barbara,Merced College,PHYS 7A,PHYS -04A,,,,,,
University of California Santa Barbara,Merced College,PHYS 7B,PHYS -04A; PHYS -04B,,,,,,
University of California Santa Barbara,Merced College,PHYS 7C,PHYS -04B; PHYS -04C,,,,,,
University of California Santa Barbara,Merced College,PHYS 7D,PHYS -04C,,,,,,
University of California Santa Barbara,Merced College,PHYS 7L,PHYS -04A; PHYS -04B,,,,,,
University of California Santa Barbara,Merced College,CHEM 1A; CHEM 1AL; CHEM 1B; CHEM 1BL; CHEM 1C; CHEM 1CL,CHEM -04A; CHEM -04B,,,,,,
University of California Santa Barbara,Merced College,MCDB 1A; MCDB 1LL,BIOL -04A; BIOL -04B,,,,,,
University of California Santa Barbara,Merced College,MCDB 1B,BIOL -04A; BIOL -04B,,,,,,
University of California Santa Barbara,Merced College,PSTAT 120A,Not Articulated,,,,,,
University of California Santa Cruz,Merced College,CSE 12,CPSC -42,,,,,,
University of California Santa Cruz,Merced College,CSE 16,CPSC -07,MATH -07,,,,,
University of California Santa Cruz,Merced College,CSE 30,CPSC -39,,,,,,
University of California Santa Cruz,Merced College,MATH 19A,MATH -04A,,,,,,
University of California Santa Cruz,Merced College,MATH 19B,MATH -04B,,,,,,
University of California Santa Cruz,Merced College,AM 10,MATH -08,,,,,,
University of California Santa Cruz,Merced College,MATH 21,MATH -08,,,,,,
University of California Santa Cruz,Merced College,AM 30,MATH -04C,,,,,,
University of California Santa Cruz,Merced College,MATH 23A,MATH -04C,,,,,,
